<?xml version="1.0" encoding="UTF-8" standalone="yes"?>
<!--stat:#=10
*=0
@=10
?=0
0=0
:stat-->  <DATAPACKET Version="2.0">
<METADATA>
<FIELDS>
<FIELD attrname="Type" fieldtype="string" required="true" WIDTH="2"/>
<FIELD attrname="ComponentName" fieldtype="string" required="true" WIDTH="100"/>
<FIELD attrname="PropertyName" fieldtype="string" required="true" WIDTH="100"/>
<FIELD attrname="OriginalValue" fieldtype="bin.hex" required="true" SUBTYPE="Text"/>
<FIELD attrname="Translation" fieldtype="bin.hex" SUBTYPE="Text"/>
<FIELD attrname="Status" fieldtype="string" required="true" WIDTH="1"/>
<FIELD attrname="Deleted" fieldtype="boolean" required="true"/>
<FIELD attrname="ClassName" fieldtype="string" WIDTH="50"/>
<FIELD attrname="OriginalStr" fieldtype="string" WIDTH="250"/>
<FIELD attrname="TranslationStr" fieldtype="string" WIDTH="250"/>
</FIELDS>
<PARAMS/>
</METADATA>
<ROWDATA>
<ROW Type="M" ComponentName="Message" PropertyName="STR_INFORMATION" OriginalValue="INFORMATION" Translation="INFORMACIÓN" Status="@" Deleted="FALSE" OriginalStr="INFORMATION" TranslationStr="INFORMACIÓN"/>
<ROW Type="M" ComponentName="Message" PropertyName="STR_ERROR" OriginalValue="ERROR!" Translation="¡ERROR!" Status="@" Deleted="FALSE" OriginalStr="ERROR!" TranslationStr="¡ERROR!"/>
<ROW Type="M" ComponentName="Message" PropertyName="STR_CONFIRMATION" OriginalValue="CONFIRMATION" Translation="CONFIRMACIÓN" Status="@" Deleted="FALSE" OriginalStr="CONFIRMATION" TranslationStr="CONFIRMACIÓN"/>
<ROW Type="M" ComponentName="Message" PropertyName="STR_UNEXPECTED_ERROR" OriginalValue="UNEXPECTED ERROR!" Translation="¡ERROR INESPERADO!" Status="@" Deleted="FALSE" OriginalStr="UNEXPECTED ERROR!" TranslationStr="¡ERROR INESPERADO!"/>
<ROW Type="M" ComponentName="Message" PropertyName="HTML_OUTPUT_FOLDER" OriginalValue="HTML output folder" Translation="Carpeta de HTML generados" Status="@" Deleted="FALSE" OriginalStr="HTML output folder" TranslationStr="Carpeta de HTML generados"/>
<ROW Type="M" ComponentName="Message" PropertyName="FILE_SAVED" OriginalValue="File &quot;%s&quot; successfully saved. Do you want to open it now?" Translation="El archivo &quot;%s&quot; se guardó correctamente. ¿Quieres abrirlo ahora?" Status="@" Deleted="FALSE" OriginalStr="File &quot;%s&quot; successfully saved. Do you want to open it now?" TranslationStr="El archivo &quot;%s&quot; se guardó correctamente. ¿Quieres abrirlo ahora?"/>
<ROW Type="M" ComponentName="Message" PropertyName="NO_KEYWORD_MATCH" OriginalValue="Keyword &quot;%s&quot; not found in files into working folder: &quot;%s&quot;" Translation="Palabra clave &quot;%s&quot; no encontrada en los archivos de la carpeta de trabajo: &quot;%s&quot;" Status="@" Deleted="FALSE" OriginalStr="Keyword &quot;%s&quot; not found in files into working folder: &quot;%s&quot;" TranslationStr="Palabra clave &quot;%s&quot; no encontrada en los archivos de la carpeta de trabajo: &quot;%s&quot;"/>
<ROW Type="M" ComponentName="Message" PropertyName="CONFIRM_EXPORT_HTML" OriginalValue="Confirm export of single file [Yes] or %d files [Yes to All] in HTML format?" Translation="¿Confirmar exportación de un solo archivo [Sí] o %d archivos [Sí a todos] en formato HTML?" Status="@" Deleted="FALSE" OriginalStr="Confirm export of single file [Yes] or %d files [Yes to All] in HTML format?" TranslationStr="¿Confirmar exportación de un solo archivo [Sí] o %d archivos [Sí a todos] en formato HTML?"/>
<ROW Type="M" ComponentName="Message" PropertyName="ERR_MSG_RECEIVED" OriginalValue="Incorrect message received" Translation="Mensaje incorrecto recibido" Status="@" Deleted="FALSE" OriginalStr="Incorrect message received" TranslationStr="Mensaje incorrecto recibido"/>
<ROW Type="M" ComponentName="Message" PropertyName="CLOSE_APP_FOR_LANG" OriginalValue="Closing application to change GUI language" Translation="Reiniciando la aplicación para cambiar el idioma de la GUI" Status="@" Deleted="FALSE" OriginalStr="Closing application to change GUI language" TranslationStr="Reiniciando la aplicación para cambiar el idioma de la GUI"/>
</ROWDATA>
</DATAPACKET>
