<?xml version="1.0" encoding="UTF-8" standalone="yes"?>
<!--stat:#=122
*=62
@=60
Lang:=ITA
:stat-->  <DATAPACKET Version="2.0">
<METADATA>
<FIELDS>
<FIELD attrname="OriginalValue" fieldtype="string" required="true" WIDTH="250"/>
<FIELD attrname="Translation" fieldtype="string" WIDTH="250"/>
<FIELD attrname="Count" fieldtype="i4"/>
<FIELD attrname="Status" fieldtype="string" required="true" WIDTH="1"/>
</FIELDS>
<PARAMS/>
</METADATA>
<ROWDATA>
<ROW OriginalValue="Check for updates" Translation="Controllo degli aggiornamenti" Count="4" Status="*"/>
<ROW OriginalValue="Submit issue..." Translation="Invia problema..." Count="4" Status="@"/>
<ROW OriginalValue="CLOSE" Translation="CHIUDI" Count="4" Status="*"/>
<ROW OriginalValue="Version" Translation="Versione" Count="4" Status="@"/>
<ROW OriginalValue="&lt;a href=&quot;https://github.com/EtheaDev/MarkdownHelpViewer&quot;&gt;https://github.com/EtheaDev/MarkdownHelpViewer&lt;/a&gt;" Translation="&lt;a href=&quot;https://github.com/EtheaDev/MarkdownHelpViewer&quot;&gt;https://github.com/EtheaDev/MarkdownHelpViewer&lt;/a&gt;" Count="4" Status="*"/>
<ROW OriginalValue="Author:" Translation="Autore:" Count="4" Status="@"/>
<ROW OriginalValue="Carlo Barazzetta" Translation="Carlo Barazzetta" Count="4" Status="*"/>
<ROW OriginalValue="https://github.com/EtheaDev/MarkdownHelpViewer" Translation="https://github.com/EtheaDev/MarkdownHelpViewer" Count="4" Status="*"/>
<ROW OriginalValue="Copyright © 2023-2025 all rights reserved." Translation="Copyright © 2023-2025 all rights reserved." Count="4" Status="*"/>
<ROW OriginalValue="Contributors:" Translation="Contributi:" Count="4" Status="*"/>
<ROW OriginalValue="Nicolò Boccignone, Emanuele Biglia" Translation="Nicolò Boccignone, Emanuele Biglia" Count="4" Status="*"/>
<ROW OriginalValue="Other libraries from Ethea:" Translation="Altre librerie di Ethea:" Count="4" Status="@"/>
<ROW OriginalValue="SVGIconImageList" Translation="SVGIconImageList" Count="4" Status="*"/>
<ROW OriginalValue="https://github.com/EtheaDev/SVGIconImageList/" Translation="https://github.com/EtheaDev/SVGIconImageList/" Count="4" Status="*"/>
<ROW OriginalValue="StyledComponents" Translation="StyledComponents" Count="4" Status="@"/>
<ROW OriginalValue="https://github.com/EtheaDev/StyledComponents" Translation="https://github.com/EtheaDev/StyledComponents" Count="4" Status="*"/>
<ROW OriginalValue="Delphi MarkdownProcessor" Translation="Delphi MarkdownProcessor" Count="4" Status="*"/>
<ROW OriginalValue="https://github.com/EtheaDev/MarkdownProcessor" Translation="https://github.com/EtheaDev/MarkdownProcessor" Count="4" Status="*"/>
<ROW OriginalValue="Third parties libraries:" Translation="Librerie di terze parti:" Count="4" Status="@"/>
<ROW OriginalValue="OpenSLL Library: Cryptography and SSL/TLS Toolkit" Translation="Libreria OpenSLL: Crittografia e toolkit SSL/TLS" Count="4" Status="@"/>
<ROW OriginalValue="Copyright © 1998-2018 The OpenSSL Project.  All rights reserved." Translation="Copyright © 1998-2018 The OpenSSL Project.  All rights reserved." Count="4" Status="*"/>
<ROW OriginalValue="Delphi Markdown" Translation="Delphi Markdown" Count="4" Status="*"/>
<ROW OriginalValue="https://github.com/grahamegrieve/delphi-markdown" Translation="https://github.com/grahamegrieve/delphi-markdown" Count="4" Status="*"/>
<ROW OriginalValue="Copyright (c) 2011+, Health Intersections Pty Ltd All rights reserved" Translation="Copyright (c) 2011+, Health Intersections Pty Ltd All rights reserved" Count="4" Status="*"/>
<ROW OriginalValue="Synopse/SynPDF https://github.com/synopse/SynPDF" Translation="Synopse/SynPDF https://github.com/synopse/SynPDF" Count="4" Status="*"/>
<ROW OriginalValue="Copyright © Synopse: all right reserved." Translation="Copyright © Synopse: all right reserved." Count="4" Status="*"/>
<ROW OriginalValue="HtmlToPdf https://github.com/MuzioValerio/HtmlToPdf" Translation="HtmlToPdf https://github.com/MuzioValerio/HtmlToPdf" Count="4" Status="*"/>
<ROW OriginalValue="Copyright © Muzio Valerio." Translation="Copyright © Muzio Valerio." Count="4" Status="*"/>
<ROW OriginalValue="- Image32 Library - http://www.angusj.com/delphi/image32/Docs/_Body.htm" Translation="- Image32 Library - http://www.angusj.com/delphi/image32/Docs/_Body.htm" Count="4" Status="*"/>
<ROW OriginalValue="Copyright ©2019-2023 Angus Johnson." Translation="Copyright ©2019-2023 Angus Johnson." Count="4" Status="*"/>
<ROW OriginalValue="HTMLViewer - https://github.com/BerndGabriel/HtmlViewer" Translation="HTMLViewer - https://github.com/BerndGabriel/HtmlViewer" Count="4" Status="*"/>
<ROW OriginalValue="Copyright (c) 1995 - 2008 by L. David Baldwin" Translation="Copyright (c) 1995 - 2008 by L. David Baldwin" Count="4" Status="*"/>
<ROW OriginalValue="Copyright (c) 1995 - 2023 by Anders Melander (DitherUnit.pas)" Translation="Copyright (c) 1995 - 2023 by Anders Melander (DitherUnit.pas)" Count="4" Status="*"/>
<ROW OriginalValue="Copyright (c) 1995 - 2023 by Ron Collins (HtmlGif1.pas)" Translation="Copyright (c) 1995 - 2023 by Ron Collins (HtmlGif1.pas)" Count="4" Status="*"/>
<ROW OriginalValue="Copyright (c) 2008 - 2009 by Sebastian Zierer (Delphi 2009 Port)" Translation="Copyright (c) 2008 - 2009 by Sebastian Zierer (Delphi 2009 Port)" Count="4" Status="*"/>
<ROW OriginalValue="Copyright (c) 2008 - 2010 by Arvid Winkelsdorf (Fixes)" Translation="Copyright (c) 2008 - 2010 by Arvid Winkelsdorf (Fixes)" Count="4" Status="*"/>
<ROW OriginalValue="Copyright (c) 2009 - 2023 by HtmlViewer Team" Translation="Copyright (c) 2009 - 2023 by HtmlViewer Team" Count="4" Status="*"/>
<ROW OriginalValue="Markdown HelpViewer" Translation="Markdown HelpViewer" Count="4" Status="*"/>
<ROW OriginalValue="About" Translation="Info" Count="8" Status="@"/>
<ROW OriginalValue="Show Application Information" Translation="Mostra informazioni sull&apos;applicazione" Count="8" Status="@"/>
<ROW OriginalValue="Export..." Translation="Esporta..." Count="8" Status="*"/>
<ROW OriginalValue="Export to HTML help files" Translation="Esportare in file di aiuto HTML" Count="8" Status="@"/>
<ROW OriginalValue="&amp;Open..." Translation="&amp;Apri..." Count="8" Status="@"/>
<ROW OriginalValue="Open an existing Markdown or HTML file..." Translation="Apri un file Markdown o HTML esistente..." Count="8" Status="@"/>
<ROW OriginalValue="Hide" Translation="Nascondi" Count="8" Status="*"/>
<ROW OriginalValue="Hide Content/Search Panel" Translation="Nascondi contenuto/pannello di ricerca" Count="8" Status="@"/>
<ROW OriginalValue="Home" Translation="Home" Count="8" Status="*"/>
<ROW OriginalValue="Back to Home File" Translation="Torna al file principale" Count="8" Status="*"/>
<ROW OriginalValue="&amp;Next" Translation="&amp;Avanti" Count="8" Status="@"/>
<ROW OriginalValue="Next Opened File" Translation="Successivo File aperto" Count="8" Status="*"/>
<ROW OriginalValue="&amp;Previous" Translation="&amp;Precedente" Count="8" Status="@"/>
<ROW OriginalValue="Previous Opened File" Translation="Precedente File aperto" Count="8" Status="*"/>
<ROW OriginalValue="Print" Translation="Stampare" Count="4" Status="@"/>
<ROW OriginalValue="Print file in PDF" Translation="Stampa il file in PDF" Count="4" Status="@"/>
<ROW OriginalValue="Refresh" Translation="Aggiorna" Count="8" Status="*"/>
<ROW OriginalValue="Refresh content (reloading file)" Translation="Aggiorna il contenuto (ricarica il file)" Count="8" Status="*"/>
<ROW OriginalValue="Save PDF" Translation="Salva PDF" Count="8" Status="@"/>
<ROW OriginalValue="Save current file in PDF format..." Translation="Salva il file corrente in formato PDF..." Count="8" Status="@"/>
<ROW OriginalValue="Search" Translation="Ricerca" Count="12" Status="@"/>
<ROW OriginalValue="Search keyword into files" Translation="Parola chiave di ricerca nei file" Count="8" Status="@"/>
<ROW OriginalValue="Settings" Translation="Impostazioni" Count="12" Status="@"/>
<ROW OriginalValue="Show Settings" Translation="Mostra impostazioni" Count="8" Status="@"/>
<ROW OriginalValue="Show" Translation="Mostra" Count="4" Status="*"/>
<ROW OriginalValue="Show Content/Search Panel" Translation="Mostra Contenuto/Pannello di ricerca" Count="4" Status="@"/>
<ROW OriginalValue="View" Translation="Vista" Count="16" Status="@"/>
<ROW OriginalValue="View File" Translation="Visualizza file" Count="16" Status="@"/>
<ROW OriginalValue="Insert file name to search:" Translation="Inserire il nome del file da cercare:" Count="5" Status="@"/>
<ROW OriginalValue="Input the keyword to search into files in the working folder:" Translation="Immettere la parola chiave per eseguire la ricerca nei file nella cartella di lavoro:" Count="5" Status="@"/>
<ROW OriginalValue="Search for file:" Translation="Cerca file:" Count="5" Status="@"/>
<ROW OriginalValue="Input keyword to search in files:" Translation="Parola chiave di input per la ricerca nei file:" Count="5" Status="@"/>
<ROW OriginalValue="Select file to view:" Translation="Seleziona il file da visualizzare:" Count="8" Status="@"/>
<ROW OriginalValue="Markdown Tranformation Dialect" Translation="Dialetto di Markdown Tranformation" Count="4" Status="@"/>
<ROW OriginalValue="DaringFireball" Translation="DaringFireball" Count="8" Status="*"/>
<ROW OriginalValue="CommonMark" Translation="CommonMark" Count="8" Status="*"/>
<ROW OriginalValue="Transformation:" Translation="Trasformazione:" Count="4" Status="@"/>
<ROW OriginalValue="Markdown Help Viewer" Translation="Markdown Help Viewer" Count="4" Status="*"/>
<ROW OriginalValue="Working Dir" Translation="Cartella di lavoro" Count="4" Status="*"/>
<ROW OriginalValue="List of Files into Working Directory" Translation="Elenco dei file nella directory di lavoro" Count="4" Status="@"/>
<ROW OriginalValue="Content/Index" Translation="Contenuto/Indice" Count="4" Status="@"/>
<ROW OriginalValue="Markdown Content/Index" Translation="Contenuto/indice Markdown" Count="4" Status="@"/>
<ROW OriginalValue="Colored icons" Translation="Icone colorate" Count="4" Status="@"/>
<ROW OriginalValue="Download from WEB" Translation="Scarica da WEB" Count="4" Status="@"/>
<ROW OriginalValue="Font name" Translation="Nome del carattere" Count="4" Status="@"/>
<ROW OriginalValue="Size" Translation="Dimesione" Count="4" Status="*"/>
<ROW OriginalValue="12" Translation="12" Count="4" Status="*"/>
<ROW OriginalValue="HTML Text (default)" Translation="Testo HTML (impostazione predefinita)" Count="4" Status="@"/>
<ROW OriginalValue="Bottom margin" Translation="Margine inferiore" Count="7" Status="*"/>
<ROW OriginalValue="Left margin" Translation="Margine sinistro" Count="7" Status="@"/>
<ROW OriginalValue="Right margin" Translation="Margine destro" Count="7" Status="*"/>
<ROW OriginalValue="Top margin" Translation="Margine superiore" Count="7" Status="@"/>
<ROW OriginalValue="Markdown processor options" Translation="Opzioni del processore Markdown" Count="4" Status="@"/>
<ROW OriginalValue="Orientation" Translation="Orientamento" Count="4" Status="@"/>
<ROW OriginalValue="Portrait" Translation="Verticale" Count="4" Status="*"/>
<ROW OriginalValue="Landscape" Translation="Orizzontale" Count="4" Status="*"/>
<ROW OriginalValue="Page size" Translation="Dimensione pagina" Count="4" Status="@"/>
<ROW OriginalValue="A4" Translation="A4" Count="4" Status="*"/>
<ROW OriginalValue="A5" Translation="A5" Count="4" Status="*"/>
<ROW OriginalValue="A3" Translation="A3" Count="4" Status="*"/>
<ROW OriginalValue="A2" Translation="A2" Count="4" Status="*"/>
<ROW OriginalValue="A1" Translation="A1" Count="4" Status="*"/>
<ROW OriginalValue="A0" Translation="A0" Count="4" Status="*"/>
<ROW OriginalValue="Letter" Translation="Lettera" Count="4" Status="@"/>
<ROW OriginalValue="Legal" Translation="Legale" Count="4" Status="@"/>
<ROW OriginalValue="Dialect:" Translation="Dialetto:" Count="4" Status="@"/>
<ROW OriginalValue="Images loading options" Translation="Opzioni di caricamento delle immagini" Count="4" Status="@"/>
<ROW OriginalValue="Rescaling to viewer size" Translation="Ridimensionamento in base alle dimensioni del visualizzatore" Count="4" Status="@"/>
<ROW OriginalValue="Selected Theme" Translation="Tema selezionato" Count="4" Status="@"/>
<ROW OriginalValue="Show Captions" Translation="Mostra didascalie" Count="4" Status="@"/>
<ROW OriginalValue="Preview" Translation="Anteprima" Count="7" Status="@"/>
<ROW OriginalValue="Theme" Translation="Tema" Count="11" Status="@"/>
<ROW OriginalValue="Same as Windows" Translation="Come in Windows" Count="4" Status="*"/>
<ROW OriginalValue="Force Dark" Translation="Forza Scuro" Count="4" Status="*"/>
<ROW OriginalValue="Force Light" Translation="Forza Chiaro" Count="4" Status="*"/>
<ROW OriginalValue="Toolbar" Translation="Barra degli strumenti" Count="4" Status="@"/>
<ROW OriginalValue="Font" Translation="Font" Count="7" Status="@"/>
<ROW OriginalValue="PDF layout" Translation="Layout PDF" Count="7" Status="@"/>
<ROW OriginalValue="Language:" Translation="Lingua:" Count="4" Status="@"/>
<ROW OriginalValue="User interface" Translation="Interfaccia utente" Count="4" Status="@"/>
<ROW OriginalValue="Back" Translation="Indietro" Count="3" Status="@"/>
<ROW OriginalValue="Show selection in Viewer" Translation="Mostra la scelta" Count="2" Status="*"/>
<ROW OriginalValue="Buttons" Translation="Pulsanti" Count="1" Status="*"/>
<ROW OriginalValue="Rounded buttons" Translation="Pulsanti arrotondati" Count="2" Status="*"/>
</ROWDATA>
</DATAPACKET>
