<?xml version="1.0" encoding="UTF-8" standalone="yes"?>
<!--stat:#=10
*=0
@=10
?=0
0=0
:stat-->  <DATAPACKET Version="2.0">
<METADATA>
<FIELDS>
<FIELD attrname="Type" fieldtype="string" required="true" WIDTH="2"/>
<FIELD attrname="ComponentName" fieldtype="string" required="true" WIDTH="100"/>
<FIELD attrname="PropertyName" fieldtype="string" required="true" WIDTH="100"/>
<FIELD attrname="OriginalValue" fieldtype="bin.hex" required="true" SUBTYPE="Text"/>
<FIELD attrname="Translation" fieldtype="bin.hex" SUBTYPE="Text"/>
<FIELD attrname="Status" fieldtype="string" required="true" WIDTH="1"/>
<FIELD attrname="Deleted" fieldtype="boolean" required="true"/>
<FIELD attrname="ClassName" fieldtype="string" WIDTH="50"/>
<FIELD attrname="OriginalStr" fieldtype="string" WIDTH="250"/>
<FIELD attrname="TranslationStr" fieldtype="string" WIDTH="250"/>
</FIELDS>
<PARAMS/>
</METADATA>
<ROWDATA>
<ROW Type="M" ComponentName="Message" PropertyName="STR_INFORMATION" OriginalValue="INFORMATION" Translation="INFORMAÇÃO" Status="@" Deleted="FALSE" OriginalStr="INFORMATION" TranslationStr="INFORMAÇÃO"/>
<ROW Type="M" ComponentName="Message" PropertyName="STR_ERROR" OriginalValue="ERROR!" Translation="ERRO!" Status="@" Deleted="FALSE" OriginalStr="ERROR!" TranslationStr="ERRO!"/>
<ROW Type="M" ComponentName="Message" PropertyName="STR_CONFIRMATION" OriginalValue="CONFIRMATION" Translation="CONFIRMAÇÃO" Status="@" Deleted="FALSE" OriginalStr="CONFIRMATION" TranslationStr="CONFIRMAÇÃO"/>
<ROW Type="M" ComponentName="Message" PropertyName="STR_UNEXPECTED_ERROR" OriginalValue="UNEXPECTED ERROR!" Translation="ERRO INESPERADO!" Status="@" Deleted="FALSE" OriginalStr="UNEXPECTED ERROR!" TranslationStr="ERRO INESPERADO!"/>
<ROW Type="M" ComponentName="Message" PropertyName="HTML_OUTPUT_FOLDER" OriginalValue="HTML output folder" Translation="Pasta de saída HTML" Status="@" Deleted="FALSE" OriginalStr="HTML output folder" TranslationStr="Pasta de saída HTML"/>
<ROW Type="M" ComponentName="Message" PropertyName="FILE_SAVED" OriginalValue="File &quot;%s&quot; successfully saved. Do you want to open it now?" Translation="Arquivo &quot;%s&quot; salvo com êxito. Deseja abri-lo agora?" Status="@" Deleted="FALSE" OriginalStr="File &quot;%s&quot; successfully saved. Do you want to open it now?" TranslationStr="Arquivo &quot;%s&quot; salvo com êxito. Deseja abri-lo agora?"/>
<ROW Type="M" ComponentName="Message" PropertyName="NO_KEYWORD_MATCH" OriginalValue="Keyword &quot;%s&quot; not found in files into working folder: &quot;%s&quot;" Translation="Palavra-chave &quot;%s&quot; não encontrada em arquivos na pasta de trabalho: &quot;%s&quot;" Status="@" Deleted="FALSE" OriginalStr="Keyword &quot;%s&quot; not found in files into working folder: &quot;%s&quot;" TranslationStr="Palavra-chave &quot;%s&quot; não encontrada em arquivos na pasta de trabalho: &quot;%s&quot;"/>
<ROW Type="M" ComponentName="Message" PropertyName="CONFIRM_EXPORT_HTML" OriginalValue="Confirm export of single file [Yes] or %d files [Yes to All] in HTML format?" Translation="Confirmar a exportação de arquivos únicos [Sim] ou %d [Sim para Todos] no formato HTML?" Status="@" Deleted="FALSE" OriginalStr="Confirm export of single file [Yes] or %d files [Yes to All] in HTML format?" TranslationStr="Confirmar a exportação de arquivos únicos [Sim] ou %d [Sim para Todos] no formato HTML?"/>
<ROW Type="M" ComponentName="Message" PropertyName="ERR_MSG_RECEIVED" OriginalValue="Incorrect message received" Translation="Mensagem incorreta recebida" Status="@" Deleted="FALSE" OriginalStr="Incorrect message received" TranslationStr="Mensagem incorreta recebida"/>
<ROW Type="M" ComponentName="Message" PropertyName="CLOSE_APP_FOR_LANG" OriginalValue="Closing application to change GUI language" Translation="Fechando o aplicativo para alterar o idioma da GUI" Status="@" Deleted="FALSE" OriginalStr="Closing application to change GUI language" TranslationStr="Fechando o aplicativo para alterar o idioma da GUI"/>
</ROWDATA>
</DATAPACKET>
