<?xml version="1.0" encoding="UTF-8" standalone="yes"?>
<!--stat:#=10
*=0
@=10
?=0
0=0
:stat-->  <DATAPACKET Version="2.0">
<METADATA>
<FIELDS>
<FIELD attrname="Type" fieldtype="string" required="true" WIDTH="2"/>
<FIELD attrname="ComponentName" fieldtype="string" required="true" WIDTH="100"/>
<FIELD attrname="PropertyName" fieldtype="string" required="true" WIDTH="100"/>
<FIELD attrname="OriginalValue" fieldtype="bin.hex" required="true" SUBTYPE="Text"/>
<FIELD attrname="Translation" fieldtype="bin.hex" SUBTYPE="Text"/>
<FIELD attrname="Status" fieldtype="string" required="true" WIDTH="1"/>
<FIELD attrname="Deleted" fieldtype="boolean" required="true"/>
<FIELD attrname="ClassName" fieldtype="string" WIDTH="50"/>
<FIELD attrname="OriginalStr" fieldtype="string" WIDTH="250"/>
<FIELD attrname="TranslationStr" fieldtype="string" WIDTH="250"/>
</FIELDS>
<PARAMS/>
</METADATA>
<ROWDATA>
<ROW Type="M" ComponentName="Message" PropertyName="STR_INFORMATION" OriginalValue="INFORMATION" Translation="INFORMAZIONE" Status="@" Deleted="FALSE" OriginalStr="INFORMATION" TranslationStr="INFORMAZIONE"/>
<ROW Type="M" ComponentName="Message" PropertyName="STR_ERROR" OriginalValue="ERROR!" Translation="ERRORE!" Status="@" Deleted="FALSE" OriginalStr="ERROR!" TranslationStr="ERRORE!"/>
<ROW Type="M" ComponentName="Message" PropertyName="STR_CONFIRMATION" OriginalValue="CONFIRMATION" Translation="CONFERMA" Status="@" Deleted="FALSE" OriginalStr="CONFIRMATION" TranslationStr="CONFERMA"/>
<ROW Type="M" ComponentName="Message" PropertyName="STR_UNEXPECTED_ERROR" OriginalValue="UNEXPECTED ERROR!" Translation="ERRORE INATTESO!" Status="@" Deleted="FALSE" OriginalStr="UNEXPECTED ERROR!" TranslationStr="ERRORE INATTESO!"/>
<ROW Type="M" ComponentName="Message" PropertyName="HTML_OUTPUT_FOLDER" OriginalValue="HTML output folder" Translation="Cartella salvataggio HTML" Status="@" Deleted="FALSE" OriginalStr="HTML output folder" TranslationStr="Cartella salvataggio HTML"/>
<ROW Type="M" ComponentName="Message" PropertyName="FILE_SAVED" OriginalValue="File &quot;%s&quot; successfully saved. Do you want to open it now?" Translation="Il file &quot;%s&quot; è stato salvato correttamente. Vuoi aprirlo ora?" Status="@" Deleted="FALSE" OriginalStr="File &quot;%s&quot; successfully saved. Do you want to open it now?" TranslationStr="Il file &quot;%s&quot; è stato salvato correttamente. Vuoi aprirlo ora?"/>
<ROW Type="M" ComponentName="Message" PropertyName="NO_KEYWORD_MATCH" OriginalValue="Keyword &quot;%s&quot; not found in files into working folder: &quot;%s&quot;" Translation="La parola chiave &quot;%s&quot; non è stata trovata nella cartella di lavoro: &quot;%s&quot;" Status="@" Deleted="FALSE" OriginalStr="Keyword &quot;%s&quot; not found in files into working folder: &quot;%s&quot;" TranslationStr="La parola chiave &quot;%s&quot; non è stata trovata nella cartella di lavoro: &quot;%s&quot;"/>
<ROW Type="M" ComponentName="Message" PropertyName="CONFIRM_EXPORT_HTML" OriginalValue="Confirm export of single file [Yes] or %d files [Yes to All] in HTML format?" Translation="Confermi esportazione di un singolo file [Si] o di %d file [Si a tutto] in formato HTML?" Status="@" Deleted="FALSE" OriginalStr="Confirm export of single file [Yes] or %d files [Yes to All] in HTML format?" TranslationStr="Confermi esportazione di un singolo file [Si] o di %d file [Si a tutto] in formato HTML?"/>
<ROW Type="M" ComponentName="Message" PropertyName="ERR_MSG_RECEIVED" OriginalValue="Incorrect message received" Translation="Ricevuto messaggio non corretto." Status="@" Deleted="FALSE" OriginalStr="Incorrect message received" TranslationStr="Ricevuto messaggio non corretto."/>
<ROW Type="M" ComponentName="Message" PropertyName="CLOSE_APP_FOR_LANG" OriginalValue="Closing application to change GUI language" Translation="Riavvio l&apos;applicazione per cambiare la lingua." Status="@" Deleted="FALSE" OriginalStr="Closing application to change GUI language" TranslationStr="Riavvio l&apos;applicazione per cambiare la lingua."/>
</ROWDATA>
</DATAPACKET>
