<?xml version="1.0" encoding="UTF-8" standalone="yes"?>
<!--stat:#=10
*=0
@=10
?=0
0=0
:stat-->  <DATAPACKET Version="2.0">
<METADATA>
<FIELDS>
<FIELD attrname="Type" fieldtype="string" required="true" WIDTH="2"/>
<FIELD attrname="ComponentName" fieldtype="string" required="true" WIDTH="100"/>
<FIELD attrname="PropertyName" fieldtype="string" required="true" WIDTH="100"/>
<FIELD attrname="OriginalValue" fieldtype="bin.hex" required="true" SUBTYPE="Text"/>
<FIELD attrname="Translation" fieldtype="bin.hex" SUBTYPE="Text"/>
<FIELD attrname="Status" fieldtype="string" required="true" WIDTH="1"/>
<FIELD attrname="Deleted" fieldtype="boolean" required="true"/>
<FIELD attrname="ClassName" fieldtype="string" WIDTH="50"/>
<FIELD attrname="OriginalStr" fieldtype="string" WIDTH="250"/>
<FIELD attrname="TranslationStr" fieldtype="string" WIDTH="250"/>
</FIELDS>
<PARAMS/>
</METADATA>
<ROWDATA>
<ROW Type="M" ComponentName="Message" PropertyName="STR_INFORMATION" OriginalValue="INFORMATION" Translation="INFORMATION" Status="@" Deleted="FALSE" OriginalStr="INFORMATION" TranslationStr="INFORMATION"/>
<ROW Type="M" ComponentName="Message" PropertyName="STR_ERROR" OriginalValue="ERROR!" Translation="FEHLER!" Status="@" Deleted="FALSE" OriginalStr="ERROR!" TranslationStr="FEHLER!"/>
<ROW Type="M" ComponentName="Message" PropertyName="STR_CONFIRMATION" OriginalValue="CONFIRMATION" Translation="BESTÄTIGUNG" Status="@" Deleted="FALSE" OriginalStr="CONFIRMATION" TranslationStr="BESTÄTIGUNG"/>
<ROW Type="M" ComponentName="Message" PropertyName="STR_UNEXPECTED_ERROR" OriginalValue="UNEXPECTED ERROR!" Translation="UNERWARTETER FEHLER!" Status="@" Deleted="FALSE" OriginalStr="UNEXPECTED ERROR!" TranslationStr="UNERWARTETER FEHLER!"/>
<ROW Type="M" ComponentName="Message" PropertyName="HTML_OUTPUT_FOLDER" OriginalValue="HTML output folder" Translation="HTML-Ausgabeordner" Status="@" Deleted="FALSE" OriginalStr="HTML output folder" TranslationStr="HTML-Ausgabeordner"/>
<ROW Type="M" ComponentName="Message" PropertyName="FILE_SAVED" OriginalValue="File &quot;%s&quot; successfully saved. Do you want to open it now?" Translation="Die Datei &quot;%s&quot; wurde erfolgreich gespeichert. Möchten Sie es jetzt öffnen?" Status="@" Deleted="FALSE" OriginalStr="File &quot;%s&quot; successfully saved. Do you want to open it now?" TranslationStr="Die Datei &quot;%s&quot; wurde erfolgreich gespeichert. Möchten Sie es jetzt öffnen?"/>
<ROW Type="M" ComponentName="Message" PropertyName="NO_KEYWORD_MATCH" OriginalValue="Keyword &quot;%s&quot; not found in files into working folder: &quot;%s&quot;" Translation="Schlüsselwort &quot;%s&quot; in Dateien im Arbeitsordner nicht gefunden: &quot;%s&quot;" Status="@" Deleted="FALSE" OriginalStr="Keyword &quot;%s&quot; not found in files into working folder: &quot;%s&quot;" TranslationStr="Schlüsselwort &quot;%s&quot; in Dateien im Arbeitsordner nicht gefunden: &quot;%s&quot;"/>
<ROW Type="M" ComponentName="Message" PropertyName="CONFIRM_EXPORT_HTML" OriginalValue="Confirm export of single file [Yes] or %d files [Yes to All] in HTML format?" Translation="Bestätigen Sie den Export der einzelnen Dateien [Ja] oder %d Dateien [Ja zu allen] im HTML-Format?" Status="@" Deleted="FALSE" OriginalStr="Confirm export of single file [Yes] or %d files [Yes to All] in HTML format?" TranslationStr="Bestätigen Sie den Export der einzelnen Dateien [Ja] oder %d Dateien [Ja zu allen] im HTML-Format?"/>
<ROW Type="M" ComponentName="Message" PropertyName="ERR_MSG_RECEIVED" OriginalValue="Incorrect message received" Translation="Falsche Nachricht empfangen" Status="@" Deleted="FALSE" OriginalStr="Incorrect message received" TranslationStr="Falsche Nachricht empfangen"/>
<ROW Type="M" ComponentName="Message" PropertyName="CLOSE_APP_FOR_LANG" OriginalValue="Closing application to change GUI language" Translation="Schließen der Anwendung zum Ändern der GUI-Sprache" Status="@" Deleted="FALSE" OriginalStr="Closing application to change GUI language" TranslationStr="Schließen der Anwendung zum Ändern der GUI-Sprache"/>
</ROWDATA>
</DATAPACKET>
