<?xml version="1.0" encoding="UTF-8" standalone="yes"?>
<!--stat:#=122
*=41
@=81
Lang:=PTG
:stat-->  <DATAPACKET Version="2.0">
<METADATA>
<FIELDS>
<FIELD attrname="OriginalValue" fieldtype="string" required="true" WIDTH="250"/>
<FIELD attrname="Translation" fieldtype="string" WIDTH="250"/>
<FIELD attrname="Count" fieldtype="i4"/>
<FIELD attrname="Status" fieldtype="string" required="true" WIDTH="1"/>
</FIELDS>
<PARAMS/>
</METADATA>
<ROWDATA>
<ROW OriginalValue="Check for updates" Translation="Verificar se há atualizações" Count="3" Status="@"/>
<ROW OriginalValue="Submit issue..." Translation="Enviar problema..." Count="3" Status="@"/>
<ROW OriginalValue="CLOSE" Translation="FECHAR" Count="3" Status="@"/>
<ROW OriginalValue="Version" Translation="Versão" Count="3" Status="@"/>
<ROW OriginalValue="&lt;a href=&quot;https://github.com/EtheaDev/MarkdownHelpViewer&quot;&gt;https://github.com/EtheaDev/MarkdownHelpViewer&lt;/a&gt;" Translation="&lt;a href=&quot;https://github.com/EtheaDev/MarkdownHelpViewer&quot;&gt;https://github.com/EtheaDev/MarkdownHelpViewer&lt;/a&gt;" Count="3" Status="*"/>
<ROW OriginalValue="Author:" Translation="Autor:" Count="3" Status="@"/>
<ROW OriginalValue="Carlo Barazzetta" Translation="Carlo Barazzetta" Count="3" Status="*"/>
<ROW OriginalValue="https://github.com/EtheaDev/MarkdownHelpViewer" Translation="https://github.com/EtheaDev/MarkdownHelpViewer" Count="3" Status="*"/>
<ROW OriginalValue="Copyright © 2023-2025 all rights reserved." Translation="Copyright © 2023-2025 all rights reserved." Count="3" Status="*"/>
<ROW OriginalValue="Contributors:" Translation="Contribuintes:" Count="3" Status="@"/>
<ROW OriginalValue="Nicolò Boccignone, Emanuele Biglia" Translation="Nicolò Boccignone, Emanuele Biglia" Count="3" Status="*"/>
<ROW OriginalValue="Other libraries from Ethea:" Translation="Outras bibliotecas de Ethea:" Count="3" Status="@"/>
<ROW OriginalValue="SVGIconImageList" Translation="SVGIconImageList" Count="3" Status="*"/>
<ROW OriginalValue="https://github.com/EtheaDev/SVGIconImageList/" Translation="https://github.com/EtheaDev/SVGIconImageList/" Count="3" Status="*"/>
<ROW OriginalValue="StyledComponents" Translation="StyledComponents" Count="3" Status="*"/>
<ROW OriginalValue="https://github.com/EtheaDev/StyledComponents" Translation="https://github.com/EtheaDev/StyledComponents" Count="3" Status="*"/>
<ROW OriginalValue="Delphi MarkdownProcessor" Translation="Delphi MarkdownProcessor" Count="3" Status="*"/>
<ROW OriginalValue="https://github.com/EtheaDev/MarkdownProcessor" Translation="https://github.com/EtheaDev/MarkdownProcessor" Count="3" Status="*"/>
<ROW OriginalValue="Third parties libraries:" Translation="Bibliotecas de terceiros:" Count="3" Status="@"/>
<ROW OriginalValue="OpenSLL Library: Cryptography and SSL/TLS Toolkit" Translation="OpenSLL Library: Cryptography and SSL/TLS Toolkit" Count="3" Status="*"/>
<ROW OriginalValue="Copyright © 1998-2018 The OpenSSL Project.  All rights reserved." Translation="Copyright © 1998-2018 The OpenSSL Project.  All rights reserved." Count="3" Status="*"/>
<ROW OriginalValue="Delphi Markdown" Translation="Delphi Markdown" Count="3" Status="*"/>
<ROW OriginalValue="https://github.com/grahamegrieve/delphi-markdown" Translation="https://github.com/grahamegrieve/delphi-markdown" Count="3" Status="*"/>
<ROW OriginalValue="Copyright (c) 2011+, Health Intersections Pty Ltd All rights reserved" Translation="Copyright (c) 2011+, Health Intersections Pty Ltd All rights reserved" Count="3" Status="*"/>
<ROW OriginalValue="Synopse/SynPDF https://github.com/synopse/SynPDF" Translation="Synopse/SynPDF https://github.com/synopse/SynPDF" Count="3" Status="*"/>
<ROW OriginalValue="Copyright © Synopse: all right reserved." Translation="Copyright © Synopse: all right reserved." Count="3" Status="*"/>
<ROW OriginalValue="HtmlToPdf https://github.com/MuzioValerio/HtmlToPdf" Translation="HtmlToPdf https://github.com/MuzioValerio/HtmlToPdf" Count="3" Status="*"/>
<ROW OriginalValue="Copyright © Muzio Valerio." Translation="Copyright © Muzio Valerio." Count="3" Status="*"/>
<ROW OriginalValue="- Image32 Library - http://www.angusj.com/delphi/image32/Docs/_Body.htm" Translation="- Image32 Library - http://www.angusj.com/delphi/image32/Docs/_Body.htm" Count="3" Status="*"/>
<ROW OriginalValue="Copyright ©2019-2023 Angus Johnson." Translation="Copyright ©2019-2023 Angus Johnson." Count="3" Status="*"/>
<ROW OriginalValue="HTMLViewer - https://github.com/BerndGabriel/HtmlViewer" Translation="HTMLViewer - https://github.com/BerndGabriel/HtmlViewer" Count="3" Status="*"/>
<ROW OriginalValue="Copyright (c) 1995 - 2008 by L. David Baldwin" Translation="Copyright (c) 1995 - 2008 by L. David Baldwin" Count="3" Status="*"/>
<ROW OriginalValue="Copyright (c) 1995 - 2023 by Anders Melander (DitherUnit.pas)" Translation="Copyright (c) 1995 - 2023 by Anders Melander (DitherUnit.pas)" Count="3" Status="*"/>
<ROW OriginalValue="Copyright (c) 1995 - 2023 by Ron Collins (HtmlGif1.pas)" Translation="Copyright (c) 1995 - 2023 by Ron Collins (HtmlGif1.pas)" Count="3" Status="*"/>
<ROW OriginalValue="Copyright (c) 2008 - 2009 by Sebastian Zierer (Delphi 2009 Port)" Translation="Copyright (c) 2008 - 2009 by Sebastian Zierer (Delphi 2009 Port)" Count="3" Status="*"/>
<ROW OriginalValue="Copyright (c) 2008 - 2010 by Arvid Winkelsdorf (Fixes)" Translation="Copyright (c) 2008 - 2010 by Arvid Winkelsdorf (Fixes)" Count="3" Status="*"/>
<ROW OriginalValue="Copyright (c) 2009 - 2023 by HtmlViewer Team" Translation="Copyright (c) 2009 - 2023 by HtmlViewer Team" Count="3" Status="*"/>
<ROW OriginalValue="Markdown HelpViewer" Translation="Markdown HelpViewer" Count="3" Status="*"/>
<ROW OriginalValue="About" Translation="Sobre" Count="6" Status="@"/>
<ROW OriginalValue="Show Application Information" Translation="Mostrar informações do aplicativo" Count="6" Status="@"/>
<ROW OriginalValue="Export..." Translation="Exportação..." Count="6" Status="@"/>
<ROW OriginalValue="Export to HTML help files" Translation="Exportar para arquivos de ajuda HTML" Count="6" Status="@"/>
<ROW OriginalValue="&amp;Open..." Translation="&amp;Aberto..." Count="6" Status="@"/>
<ROW OriginalValue="Open an existing Markdown or HTML file..." Translation="Abra um arquivo Markdown ou HTML existente..." Count="6" Status="@"/>
<ROW OriginalValue="Hide" Translation="Esconder" Count="6" Status="@"/>
<ROW OriginalValue="Hide Content/Search Panel" Translation="Ocultar conteúdo/painel de pesquisa" Count="6" Status="@"/>
<ROW OriginalValue="Home" Translation="Casa" Count="6" Status="@"/>
<ROW OriginalValue="Back to Home File" Translation="Voltar ao arquivo inicial" Count="6" Status="@"/>
<ROW OriginalValue="&amp;Next" Translation="&amp;Seguinte" Count="6" Status="@"/>
<ROW OriginalValue="Next Opened File" Translation="Próximo arquivo aberto" Count="6" Status="@"/>
<ROW OriginalValue="&amp;Previous" Translation="&amp;Anterior" Count="6" Status="@"/>
<ROW OriginalValue="Previous Opened File" Translation="Arquivo aberto anterior" Count="6" Status="@"/>
<ROW OriginalValue="Print" Translation="Imprimir" Count="3" Status="@"/>
<ROW OriginalValue="Print file in PDF" Translation="Imprimir arquivo em PDF" Count="3" Status="@"/>
<ROW OriginalValue="Refresh" Translation="Atualizar" Count="6" Status="@"/>
<ROW OriginalValue="Refresh content (reloading file)" Translation="Atualizar conteúdo (recarregar arquivo)" Count="6" Status="@"/>
<ROW OriginalValue="Save PDF" Translation="Salvar PDF" Count="6" Status="@"/>
<ROW OriginalValue="Save current file in PDF format..." Translation="Salve o arquivo atual no formato PDF..." Count="6" Status="@"/>
<ROW OriginalValue="Search" Translation="Procurar" Count="9" Status="@"/>
<ROW OriginalValue="Search keyword into files" Translation="Pesquisar palavra-chave em arquivos" Count="6" Status="@"/>
<ROW OriginalValue="Settings" Translation="Configurações" Count="9" Status="@"/>
<ROW OriginalValue="Show Settings" Translation="Mostrar configurações" Count="6" Status="@"/>
<ROW OriginalValue="Show" Translation="Programa" Count="3" Status="@"/>
<ROW OriginalValue="Show Content/Search Panel" Translation="Mostrar Conteúdo/Painel de Pesquisa" Count="3" Status="@"/>
<ROW OriginalValue="View" Translation="Vista" Count="12" Status="@"/>
<ROW OriginalValue="View File" Translation="Ver arquivo" Count="12" Status="@"/>
<ROW OriginalValue="Insert file name to search:" Translation="Inserir nome de arquivo para pesquisa:" Count="4" Status="@"/>
<ROW OriginalValue="Input the keyword to search into files in the working folder:" Translation="Insira a palavra-chave para pesquisar em arquivos na pasta de trabalho:" Count="3" Status="@"/>
<ROW OriginalValue="Search for file:" Translation="Procurar arquivo:" Count="4" Status="@"/>
<ROW OriginalValue="Input keyword to search in files:" Translation="Palavra-chave de entrada para pesquisar em arquivos:" Count="4" Status="@"/>
<ROW OriginalValue="Select file to view:" Translation="Selecione o arquivo a ser exibido:" Count="6" Status="@"/>
<ROW OriginalValue="Markdown Tranformation Dialect" Translation="Dialeto de Tranformação Markdown" Count="3" Status="@"/>
<ROW OriginalValue="DaringFireball" Translation="DaringFireball" Count="6" Status="*"/>
<ROW OriginalValue="CommonMark" Translation="Marca comum" Count="6" Status="@"/>
<ROW OriginalValue="Transformation:" Translation="Transformação:" Count="3" Status="@"/>
<ROW OriginalValue="Markdown Help Viewer" Translation="Markdown Help Viewer" Count="3" Status="*"/>
<ROW OriginalValue="Working Dir" Translation="Dir de trabalho" Count="3" Status="@"/>
<ROW OriginalValue="List of Files into Working Directory" Translation="Lista de arquivos no diretório de trabalho" Count="3" Status="@"/>
<ROW OriginalValue="Content/Index" Translation="Conteúdo/Índice" Count="3" Status="@"/>
<ROW OriginalValue="Markdown Content/Index" Translation="Conteúdo/índice de markdown" Count="3" Status="@"/>
<ROW OriginalValue="Colored icons" Translation="Ícones coloridos" Count="3" Status="@"/>
<ROW OriginalValue="Download from WEB" Translation="Download da WEB" Count="3" Status="@"/>
<ROW OriginalValue="Font name" Translation="Nome da fonte" Count="3" Status="@"/>
<ROW OriginalValue="Size" Translation="Tamanho" Count="3" Status="@"/>
<ROW OriginalValue="12" Translation="12" Count="3" Status="*"/>
<ROW OriginalValue="HTML Text (default)" Translation="Texto HTML (padrão)" Count="3" Status="@"/>
<ROW OriginalValue="Bottom margin" Translation="margem inferior" Count="6" Status="@"/>
<ROW OriginalValue="Left margin" Translation="Margem esquerda" Count="6" Status="@"/>
<ROW OriginalValue="Right margin" Translation="margem direita" Count="6" Status="@"/>
<ROW OriginalValue="Top margin" Translation="margem superior" Count="6" Status="@"/>
<ROW OriginalValue="Markdown processor options" Translation="Opções do processador Markdown" Count="3" Status="@"/>
<ROW OriginalValue="Back" Translation="Voltar" Count="3" Status="@"/>
<ROW OriginalValue="Preview" Translation="Visualizar" Count="6" Status="@"/>
<ROW OriginalValue="Theme" Translation="Tema" Count="9" Status="@"/>
<ROW OriginalValue="Font" Translation="Fonte" Count="6" Status="@"/>
<ROW OriginalValue="PDF layout" Translation="Layout PDF" Count="6" Status="@"/>
<ROW OriginalValue="Orientation" Translation="Orientação" Count="3" Status="@"/>
<ROW OriginalValue="Portrait" Translation="Retrato" Count="3" Status="@"/>
<ROW OriginalValue="Landscape" Translation="Paisagem" Count="3" Status="@"/>
<ROW OriginalValue="Page size" Translation="Tamanho da página" Count="3" Status="@"/>
<ROW OriginalValue="A4" Translation="A4" Count="3" Status="*"/>
<ROW OriginalValue="A5" Translation="A5" Count="3" Status="*"/>
<ROW OriginalValue="A3" Translation="A3" Count="3" Status="*"/>
<ROW OriginalValue="A2" Translation="A2" Count="3" Status="*"/>
<ROW OriginalValue="A1" Translation="A1" Count="3" Status="*"/>
<ROW OriginalValue="A0" Translation="A0" Count="3" Status="*"/>
<ROW OriginalValue="Letter" Translation="Letra" Count="3" Status="@"/>
<ROW OriginalValue="Legal" Translation="Legal" Count="3" Status="@"/>
<ROW OriginalValue="Dialect:" Translation="Dialeto:" Count="3" Status="@"/>
<ROW OriginalValue="Images loading options" Translation="Opções de carregamento de imagens" Count="3" Status="@"/>
<ROW OriginalValue="Rescaling to viewer size" Translation="Redimensionamento para o tamanho do visualizador" Count="3" Status="@"/>
<ROW OriginalValue="Selected Theme" Translation="Tema Selecionado" Count="3" Status="@"/>
<ROW OriginalValue="Show Captions" Translation="Mostrar legendas" Count="3" Status="@"/>
<ROW OriginalValue="Same as Windows" Translation="O mesmo que o Windows" Count="3" Status="@"/>
<ROW OriginalValue="Force Dark" Translation="Força Escura" Count="3" Status="@"/>
<ROW OriginalValue="Force Light" Translation="Luz de Força" Count="3" Status="@"/>
<ROW OriginalValue="Toolbar" Translation="Barra de ferramentas" Count="3" Status="@"/>
<ROW OriginalValue="Language:" Translation="Idioma:" Count="3" Status="@"/>
<ROW OriginalValue="User interface" Translation="Interface do usuário" Count="3" Status="@"/>
<ROW OriginalValue="Show selection in Viewer" Translation="Mostrar seleção no Visualizador" Count="2" Status="@"/>
<ROW OriginalValue="Buttons" Translation="Botões" Count="1" Status="*"/>
<ROW OriginalValue="Rounded buttons" Translation="Botões arredondados" Count="2" Status="*"/>
</ROWDATA>
</DATAPACKET>
