<?xml version="1.0" encoding="UTF-8" standalone="yes"?>
<!--stat:#=122
*=121
@=1
Lang:=FRA
:stat-->  <DATAPACKET Version="2.0">
<METADATA>
<FIELDS>
<FIELD attrname="OriginalValue" fieldtype="string" required="true" WIDTH="250"/>
<FIELD attrname="Translation" fieldtype="string" WIDTH="250"/>
<FIELD attrname="Count" fieldtype="i4"/>
<FIELD attrname="Status" fieldtype="string" required="true" WIDTH="1"/>
</FIELDS>
<PARAMS/>
</METADATA>
<ROWDATA>
<ROW OriginalValue="Check for updates" Translation="Vérifier les mises à jour" Count="3" Status="*"/>
<ROW OriginalValue="Submit issue..." Translation="Soumettre un problème..." Count="3" Status="*"/>
<ROW OriginalValue="CLOSE" Translation="FERME" Count="3" Status="*"/>
<ROW OriginalValue="Version" Translation="Version" Count="3" Status="*"/>
<ROW OriginalValue="&lt;a href=&quot;https://github.com/EtheaDev/MarkdownHelpViewer&quot;&gt;https://github.com/EtheaDev/MarkdownHelpViewer&lt;/a&gt;" Translation="&lt;a href=&quot;https://github.com/EtheaDev/MarkdownHelpViewer&quot;&gt;https://github.com/EtheaDev/MarkdownHelpViewer&lt;/a&gt;" Count="3" Status="*"/>
<ROW OriginalValue="Author:" Translation="Auteur:" Count="3" Status="*"/>
<ROW OriginalValue="Carlo Barazzetta" Translation="Carlo Barazzetta" Count="3" Status="*"/>
<ROW OriginalValue="https://github.com/EtheaDev/MarkdownHelpViewer" Translation="https://github.com/EtheaDev/MarkdownHelpViewer" Count="3" Status="*"/>
<ROW OriginalValue="Copyright © 2023-2025 all rights reserved." Translation="Copyright © 2023-2025 all rights reserved." Count="3" Status="*"/>
<ROW OriginalValue="Contributors:" Translation="Contributeurs:" Count="3" Status="*"/>
<ROW OriginalValue="Nicolò Boccignone, Emanuele Biglia" Translation="Nicolò Boccignone, Emanuele Biglia" Count="3" Status="*"/>
<ROW OriginalValue="Other libraries from Ethea:" Translation="Other libraries from Ethea:" Count="3" Status="*"/>
<ROW OriginalValue="SVGIconImageList" Translation="SVGIconImageList" Count="3" Status="*"/>
<ROW OriginalValue="https://github.com/EtheaDev/SVGIconImageList/" Translation="https://github.com/EtheaDev/SVGIconImageList/" Count="3" Status="*"/>
<ROW OriginalValue="StyledComponents" Translation="StyledComponents" Count="3" Status="*"/>
<ROW OriginalValue="https://github.com/EtheaDev/StyledComponents" Translation="https://github.com/EtheaDev/StyledComponents" Count="3" Status="*"/>
<ROW OriginalValue="Delphi MarkdownProcessor" Translation="Delphi MarkdownProcessor" Count="3" Status="*"/>
<ROW OriginalValue="https://github.com/EtheaDev/MarkdownProcessor" Translation="https://github.com/EtheaDev/MarkdownProcessor" Count="3" Status="*"/>
<ROW OriginalValue="Third parties libraries:" Translation="Third parties libraries:" Count="3" Status="*"/>
<ROW OriginalValue="OpenSLL Library: Cryptography and SSL/TLS Toolkit" Translation="OpenSLL Library: Cryptography and SSL/TLS Toolkit" Count="3" Status="*"/>
<ROW OriginalValue="Copyright © 1998-2018 The OpenSSL Project.  All rights reserved." Translation="Copyright © 1998-2018 The OpenSSL Project.  All rights reserved." Count="3" Status="*"/>
<ROW OriginalValue="Delphi Markdown" Translation="Delphi Markdown" Count="3" Status="*"/>
<ROW OriginalValue="https://github.com/grahamegrieve/delphi-markdown" Translation="https://github.com/grahamegrieve/delphi-markdown" Count="3" Status="*"/>
<ROW OriginalValue="Copyright (c) 2011+, Health Intersections Pty Ltd All rights reserved" Translation="Copyright (c) 2011+, Health Intersections Pty Ltd All rights reserved" Count="3" Status="*"/>
<ROW OriginalValue="Synopse/SynPDF https://github.com/synopse/SynPDF" Translation="Synopse/SynPDF https://github.com/synopse/SynPDF" Count="3" Status="*"/>
<ROW OriginalValue="Copyright © Synopse: all right reserved." Translation="Copyright © Synopse: all right reserved." Count="3" Status="*"/>
<ROW OriginalValue="HtmlToPdf https://github.com/MuzioValerio/HtmlToPdf" Translation="HtmlToPdf https://github.com/MuzioValerio/HtmlToPdf" Count="3" Status="*"/>
<ROW OriginalValue="Copyright © Muzio Valerio." Translation="Copyright © Muzio Valerio." Count="3" Status="*"/>
<ROW OriginalValue="- Image32 Library - http://www.angusj.com/delphi/image32/Docs/_Body.htm" Translation="- Image32 Library - http://www.angusj.com/delphi/image32/Docs/_Body.htm" Count="3" Status="*"/>
<ROW OriginalValue="Copyright ©2019-2023 Angus Johnson." Translation="Copyright ©2019-2023 Angus Johnson." Count="3" Status="*"/>
<ROW OriginalValue="HTMLViewer - https://github.com/BerndGabriel/HtmlViewer" Translation="HTMLViewer - https://github.com/BerndGabriel/HtmlViewer" Count="3" Status="*"/>
<ROW OriginalValue="Copyright (c) 1995 - 2008 by L. David Baldwin" Translation="Copyright (c) 1995 - 2008 by L. David Baldwin" Count="3" Status="*"/>
<ROW OriginalValue="Copyright (c) 1995 - 2023 by Anders Melander (DitherUnit.pas)" Translation="Copyright (c) 1995 - 2023 by Anders Melander (DitherUnit.pas)" Count="3" Status="*"/>
<ROW OriginalValue="Copyright (c) 1995 - 2023 by Ron Collins (HtmlGif1.pas)" Translation="Copyright (c) 1995 - 2023 by Ron Collins (HtmlGif1.pas)" Count="3" Status="*"/>
<ROW OriginalValue="Copyright (c) 2008 - 2009 by Sebastian Zierer (Delphi 2009 Port)" Translation="Copyright (c) 2008 - 2009 by Sebastian Zierer (Delphi 2009 Port)" Count="3" Status="*"/>
<ROW OriginalValue="Copyright (c) 2008 - 2010 by Arvid Winkelsdorf (Fixes)" Translation="Copyright (c) 2008 - 2010 by Arvid Winkelsdorf (Fixes)" Count="3" Status="*"/>
<ROW OriginalValue="Copyright (c) 2009 - 2023 by HtmlViewer Team" Translation="Copyright (c) 2009 - 2023 by HtmlViewer Team" Count="3" Status="*"/>
<ROW OriginalValue="Markdown HelpViewer" Translation="Markdown HelpViewer" Count="3" Status="*"/>
<ROW OriginalValue="About" Translation="Info" Count="6" Status="*"/>
<ROW OriginalValue="Show Application Information" Translation="Afficher les informations sur l’application" Count="6" Status="*"/>
<ROW OriginalValue="Export..." Translation="Exportation..." Count="6" Status="*"/>
<ROW OriginalValue="Export to HTML help files" Translation="Exporter vers des fichiers d’aide HTML" Count="6" Status="*"/>
<ROW OriginalValue="&amp;Open..." Translation="&amp;Ouvrir..." Count="6" Status="*"/>
<ROW OriginalValue="Open an existing Markdown or HTML file..." Translation="Ouvrez un fichier Markdown ou HTML existant..." Count="6" Status="*"/>
<ROW OriginalValue="Hide" Translation="Masquer" Count="6" Status="*"/>
<ROW OriginalValue="Hide Content/Search Panel" Translation="Masquer le contenu/le panneau de recherche" Count="6" Status="*"/>
<ROW OriginalValue="Home" Translation="Accueil" Count="6" Status="*"/>
<ROW OriginalValue="Back to Home File" Translation="Retour à la page d’accueil" Count="6" Status="*"/>
<ROW OriginalValue="&amp;Next" Translation="&amp;Suivant" Count="6" Status="*"/>
<ROW OriginalValue="Next Opened File" Translation="Prochain fichier ouvert" Count="6" Status="*"/>
<ROW OriginalValue="&amp;Previous" Translation="&amp;Précédent" Count="6" Status="*"/>
<ROW OriginalValue="Previous Opened File" Translation="Fichier précédemment ouvert" Count="6" Status="*"/>
<ROW OriginalValue="Print" Translation="Imprimer" Count="3" Status="*"/>
<ROW OriginalValue="Print file in PDF" Translation="Imprimer le fichier au format PDF" Count="3" Status="*"/>
<ROW OriginalValue="Refresh" Translation="Actualiser" Count="6" Status="*"/>
<ROW OriginalValue="Refresh content (reloading file)" Translation="Actualiser le contenu (rechargement du fichier)" Count="6" Status="*"/>
<ROW OriginalValue="Save PDF" Translation="Enreg.PDF" Count="6" Status="*"/>
<ROW OriginalValue="Save current file in PDF format..." Translation="Enregistrer le fichier actuel au format PDF..." Count="6" Status="*"/>
<ROW OriginalValue="Search" Translation="Rechercher" Count="9" Status="*"/>
<ROW OriginalValue="Search keyword into files" Translation="Rechercher un mot-clé dans les fichiers" Count="6" Status="*"/>
<ROW OriginalValue="Settings" Translation="Paramètres" Count="9" Status="*"/>
<ROW OriginalValue="Show Settings" Translation="Afficher les paramètres" Count="6" Status="*"/>
<ROW OriginalValue="Show" Translation="Montrer" Count="3" Status="*"/>
<ROW OriginalValue="Show Content/Search Panel" Translation="Afficher le panneau Contenu/Recherche" Count="3" Status="*"/>
<ROW OriginalValue="View" Translation="Montrer" Count="12" Status="*"/>
<ROW OriginalValue="View File" Translation="Voir le fichier" Count="12" Status="*"/>
<ROW OriginalValue="Insert file name to search:" Translation="Saisissez le nom des fichiers à rechercher:" Count="4" Status="*"/>
<ROW OriginalValue="Input the keyword to search into files in the working folder:" Translation="Entrez le mot-clé pour rechercher des fichiers dans le classeur:" Count="4" Status="*"/>
<ROW OriginalValue="Search for file:" Translation="Rechercher un fichier:" Count="4" Status="*"/>
<ROW OriginalValue="Input keyword to search in files:" Translation="Saisissez le mot-clé à rechercher dans les fichiers:" Count="4" Status="*"/>
<ROW OriginalValue="Select file to view:" Translation="Sélectionnez le fichier à afficher:" Count="7" Status="*"/>
<ROW OriginalValue="Markdown Tranformation Dialect" Translation="Dialecte de la transformation Markdown" Count="3" Status="*"/>
<ROW OriginalValue="DaringFireball" Translation="DaringFireball" Count="6" Status="*"/>
<ROW OriginalValue="CommonMark" Translation="CommonMark" Count="6" Status="*"/>
<ROW OriginalValue="Transformation:" Translation="Transformation:" Count="3" Status="*"/>
<ROW OriginalValue="Markdown Help Viewer" Translation="Markdown Help Viewer" Count="3" Status="*"/>
<ROW OriginalValue="Working Dir" Translation="Répertoire de travail" Count="3" Status="*"/>
<ROW OriginalValue="List of Files into Working Directory" Translation="Liste des fichiers dans le répertoire de travail" Count="3" Status="*"/>
<ROW OriginalValue="Content/Index" Translation="Sommaire/Index" Count="3" Status="*"/>
<ROW OriginalValue="Markdown Content/Index" Translation="Contenu/Index Markdown" Count="3" Status="*"/>
<ROW OriginalValue="Colored icons" Translation="Icônes colorées" Count="3" Status="*"/>
<ROW OriginalValue="Download from WEB" Translation="Télécharger à partir de WEB" Count="3" Status="*"/>
<ROW OriginalValue="Font name" Translation="Nom de la police" Count="3" Status="*"/>
<ROW OriginalValue="Size" Translation="Taille" Count="3" Status="*"/>
<ROW OriginalValue="12" Translation="12" Count="3" Status="*"/>
<ROW OriginalValue="HTML Text (default)" Translation="Texte HTML (par défaut)" Count="3" Status="*"/>
<ROW OriginalValue="Bottom margin" Translation="Marge inférieure" Count="4" Status="*"/>
<ROW OriginalValue="Left margin" Translation="Marge de gauche" Count="4" Status="*"/>
<ROW OriginalValue="Right margin" Translation="Marge de droite" Count="4" Status="*"/>
<ROW OriginalValue="Top margin" Translation="Marge supérieure" Count="4" Status="*"/>
<ROW OriginalValue="Markdown processor options" Translation="Options de processeur Markdown" Count="3" Status="*"/>
<ROW OriginalValue="Back" Translation="Précédent" Count="3" Status="*"/>
<ROW OriginalValue="Preview" Translation="Aperçu" Count="6" Status="*"/>
<ROW OriginalValue="Theme" Translation="Thème" Count="9" Status="*"/>
<ROW OriginalValue="Font" Translation="Police" Count="6" Status="*"/>
<ROW OriginalValue="PDF layout" Translation="Mise en page PDF" Count="6" Status="*"/>
<ROW OriginalValue="Orientation" Translation="Orientation" Count="3" Status="*"/>
<ROW OriginalValue="Portrait" Translation="Portrait" Count="3" Status="*"/>
<ROW OriginalValue="Landscape" Translation="Horizontal" Count="3" Status="*"/>
<ROW OriginalValue="Page size" Translation="Taille de la page" Count="3" Status="*"/>
<ROW OriginalValue="A4" Translation="A4" Count="3" Status="*"/>
<ROW OriginalValue="A5" Translation="A5" Count="3" Status="*"/>
<ROW OriginalValue="A3" Translation="A3" Count="3" Status="*"/>
<ROW OriginalValue="A2" Translation="A2" Count="3" Status="*"/>
<ROW OriginalValue="A1" Translation="A1" Count="3" Status="*"/>
<ROW OriginalValue="A0" Translation="A0" Count="3" Status="*"/>
<ROW OriginalValue="Letter" Translation="Lettre" Count="3" Status="*"/>
<ROW OriginalValue="Legal" Translation="Légal" Count="3" Status="*"/>
<ROW OriginalValue="Dialect:" Translation="Dialecte:" Count="3" Status="*"/>
<ROW OriginalValue="Images loading options" Translation="Options de chargement des images" Count="3" Status="*"/>
<ROW OriginalValue="Rescaling to viewer size" Translation="Mise à l’échelle à la taille de la visionneuse" Count="3" Status="*"/>
<ROW OriginalValue="Selected Theme" Translation="Thème sélectionné" Count="3" Status="*"/>
<ROW OriginalValue="Show Captions" Translation="Afficher les légendes" Count="3" Status="*"/>
<ROW OriginalValue="Same as Windows" Translation="Comme sous Windows" Count="3" Status="*"/>
<ROW OriginalValue="Force Dark" Translation="Forcer sombre" Count="3" Status="*"/>
<ROW OriginalValue="Force Light" Translation="Forcer clair" Count="3" Status="*"/>
<ROW OriginalValue="Toolbar" Translation="Barre d’outils" Count="3" Status="*"/>
<ROW OriginalValue="Language:" Translation="Langue:" Count="3" Status="*"/>
<ROW OriginalValue="User interface" Translation="Interface utilisateur" Count="3" Status="*"/>
<ROW OriginalValue="Show selection in Viewer" Translation="Afficher la sélection dans le visualiseur" Count="2" Status="@"/>
<ROW OriginalValue="Buttons" Translation="Boutons" Count="1" Status="*"/>
<ROW OriginalValue="Rounded buttons" Translation="Boutons arrondis" Count="2" Status="*"/>
</ROWDATA>
</DATAPACKET>
